PRAGMA foreign_keys=OFF;
BEGIN TRANSACTION;
CREATE TABLE IF NOT EXISTS "django_migrations" ("id" integer NOT NULL PRIMARY KEY AUTOINCREMENT, "app" varchar(255) NOT NULL, "name" varchar(255) NOT NULL, "applied" datetime NOT NULL);
INSERT INTO django_migrations VALUES(1,'contenttypes','0001_initial','2025-03-04 13:01:05.724341');
INSERT INTO django_migrations VALUES(2,'contenttypes','0002_remove_content_type_name','2025-03-04 13:01:05.777123');
INSERT INTO django_migrations VALUES(3,'auth','0001_initial','2025-03-04 13:01:05.874532');
INSERT INTO django_migrations VALUES(4,'auth','0002_alter_permission_name_max_length','2025-03-04 13:01:05.952389');
INSERT INTO django_migrations VALUES(5,'auth','0003_alter_user_email_max_length','2025-03-04 13:01:05.993124');
INSERT INTO django_migrations VALUES(6,'auth','0004_alter_user_username_opts','2025-03-04 13:01:06.042184');
INSERT INTO django_migrations VALUES(7,'auth','0005_alter_user_last_login_null','2025-03-04 13:01:06.127422');
INSERT INTO django_migrations VALUES(8,'auth','0006_require_contenttypes_0002','2025-03-04 13:01:06.172596');
INSERT INTO django_migrations VALUES(9,'auth','0007_alter_validators_add_error_messages','2025-03-04 13:01:06.219798');
INSERT INTO django_migrations VALUES(10,'auth','0008_alter_user_username_max_length','2025-03-04 13:01:06.267148');
INSERT INTO django_migrations VALUES(11,'auth','0009_alter_user_last_name_max_length','2025-03-04 13:01:06.317173');
INSERT INTO django_migrations VALUES(12,'auth','0010_alter_group_name_max_length','2025-03-04 13:01:06.392726');
INSERT INTO django_migrations VALUES(13,'auth','0011_update_proxy_permissions','2025-03-04 13:01:06.428908');
INSERT INTO django_migrations VALUES(14,'auth','0012_alter_user_first_name_max_length','2025-03-04 13:01:06.474986');
INSERT INTO django_migrations VALUES(15,'users','0001_initial','2025-03-04 13:01:06.604893');
INSERT INTO django_migrations VALUES(16,'admin','0001_initial','2025-03-04 13:01:06.703802');
INSERT INTO django_migrations VALUES(17,'admin','0002_logentry_remove_auto_add','2025-03-04 13:01:06.783520');
INSERT INTO django_migrations VALUES(18,'admin','0003_logentry_add_action_flag_choices','2025-03-04 13:01:06.820331');
INSERT INTO django_migrations VALUES(19,'project','0001_initial','2025-03-04 13:01:06.912786');
INSERT INTO django_migrations VALUES(20,'project','0002_initial','2025-03-04 13:01:07.041759');
INSERT INTO django_migrations VALUES(21,'sessions','0001_initial','2025-03-04 13:01:07.116413');
INSERT INTO django_migrations VALUES(22,'university','0001_initial','2025-03-04 13:25:07.452041');
INSERT INTO django_migrations VALUES(23,'report','0001_initial','2025-03-04 14:12:51.587715');
INSERT INTO django_migrations VALUES(25,'users','0002_role','2025-03-06 02:21:54.780092');
INSERT INTO django_migrations VALUES(26,'project','0004_alter_projectmembership_unique_together_and_more','2025-03-06 02:21:55.291931');
CREATE TABLE IF NOT EXISTS "django_content_type" ("id" integer NOT NULL PRIMARY KEY AUTOINCREMENT, "app_label" varchar(100) NOT NULL, "model" varchar(100) NOT NULL);
INSERT INTO django_content_type VALUES(1,'users','user');
INSERT INTO django_content_type VALUES(2,'users','admin');
INSERT INTO django_content_type VALUES(3,'users','coordinator');
INSERT INTO django_content_type VALUES(4,'users','student');
INSERT INTO django_content_type VALUES(5,'users','supervisor');
INSERT INTO django_content_type VALUES(6,'project','project');
INSERT INTO django_content_type VALUES(7,'project','projectplan');
INSERT INTO django_content_type VALUES(8,'project','projectmembership');
INSERT INTO django_content_type VALUES(9,'admin','logentry');
INSERT INTO django_content_type VALUES(10,'auth','permission');
INSERT INTO django_content_type VALUES(11,'auth','group');
INSERT INTO django_content_type VALUES(12,'contenttypes','contenttype');
INSERT INTO django_content_type VALUES(13,'sessions','session');
INSERT INTO django_content_type VALUES(14,'university','college');
INSERT INTO django_content_type VALUES(15,'university','university');
INSERT INTO django_content_type VALUES(16,'university','department');
INSERT INTO django_content_type VALUES(17,'report','monthlyreport');
INSERT INTO django_content_type VALUES(18,'report','weeklyreport');
INSERT INTO django_content_type VALUES(19,'project','projectproposal');
INSERT INTO django_content_type VALUES(20,'users','role');
CREATE TABLE IF NOT EXISTS "auth_group_permissions" ("id" integer NOT NULL PRIMARY KEY AUTOINCREMENT, "group_id" integer NOT NULL REFERENCES "auth_group" ("id") DEFERRABLE INITIALLY DEFERRED, "permission_id" integer NOT NULL REFERENCES "auth_permission" ("id") DEFERRABLE INITIALLY DEFERRED);
CREATE TABLE IF NOT EXISTS "auth_permission" ("id" integer NOT NULL PRIMARY KEY AUTOINCREMENT, "content_type_id" integer NOT NULL REFERENCES "django_content_type" ("id") DEFERRABLE INITIALLY DEFERRED, "codename" varchar(100) NOT NULL, "name" varchar(255) NOT NULL);
INSERT INTO auth_permission VALUES(1,1,'add_user','Can add user');
INSERT INTO auth_permission VALUES(2,1,'change_user','Can change user');
INSERT INTO auth_permission VALUES(3,1,'delete_user','Can delete user');
INSERT INTO auth_permission VALUES(4,1,'view_user','Can view user');
INSERT INTO auth_permission VALUES(5,2,'add_admin','Can add user');
INSERT INTO auth_permission VALUES(6,2,'change_admin','Can change user');
INSERT INTO auth_permission VALUES(7,2,'delete_admin','Can delete user');
INSERT INTO auth_permission VALUES(8,2,'view_admin','Can view user');
INSERT INTO auth_permission VALUES(9,3,'add_coordinator','Can add user');
INSERT INTO auth_permission VALUES(10,3,'change_coordinator','Can change user');
INSERT INTO auth_permission VALUES(11,3,'delete_coordinator','Can delete user');
INSERT INTO auth_permission VALUES(12,3,'view_coordinator','Can view user');
INSERT INTO auth_permission VALUES(13,4,'add_student','Can add user');
INSERT INTO auth_permission VALUES(14,4,'change_student','Can change user');
INSERT INTO auth_permission VALUES(15,4,'delete_student','Can delete user');
INSERT INTO auth_permission VALUES(16,4,'view_student','Can view user');
INSERT INTO auth_permission VALUES(17,5,'add_supervisor','Can add user');
INSERT INTO auth_permission VALUES(18,5,'change_supervisor','Can change user');
INSERT INTO auth_permission VALUES(19,5,'delete_supervisor','Can delete user');
INSERT INTO auth_permission VALUES(20,5,'view_supervisor','Can view user');
INSERT INTO auth_permission VALUES(21,6,'add_project','Can add project');
INSERT INTO auth_permission VALUES(22,6,'change_project','Can change project');
INSERT INTO auth_permission VALUES(23,6,'delete_project','Can delete project');
INSERT INTO auth_permission VALUES(24,6,'view_project','Can view project');
INSERT INTO auth_permission VALUES(25,7,'add_projectplan','Can add project plan');
INSERT INTO auth_permission VALUES(26,7,'change_projectplan','Can change project plan');
INSERT INTO auth_permission VALUES(27,7,'delete_projectplan','Can delete project plan');
INSERT INTO auth_permission VALUES(28,7,'view_projectplan','Can view project plan');
INSERT INTO auth_permission VALUES(29,8,'add_projectmembership','Can add project membership');
INSERT INTO auth_permission VALUES(30,8,'change_projectmembership','Can change project membership');
INSERT INTO auth_permission VALUES(31,8,'delete_projectmembership','Can delete project membership');
INSERT INTO auth_permission VALUES(32,8,'view_projectmembership','Can view project membership');
INSERT INTO auth_permission VALUES(33,9,'add_logentry','Can add log entry');
INSERT INTO auth_permission VALUES(34,9,'change_logentry','Can change log entry');
INSERT INTO auth_permission VALUES(35,9,'delete_logentry','Can delete log entry');
INSERT INTO auth_permission VALUES(36,9,'view_logentry','Can view log entry');
INSERT INTO auth_permission VALUES(37,10,'add_permission','Can add permission');
INSERT INTO auth_permission VALUES(38,10,'change_permission','Can change permission');
INSERT INTO auth_permission VALUES(39,10,'delete_permission','Can delete permission');
INSERT INTO auth_permission VALUES(40,10,'view_permission','Can view permission');
INSERT INTO auth_permission VALUES(41,11,'add_group','Can add group');
INSERT INTO auth_permission VALUES(42,11,'change_group','Can change group');
INSERT INTO auth_permission VALUES(43,11,'delete_group','Can delete group');
INSERT INTO auth_permission VALUES(44,11,'view_group','Can view group');
INSERT INTO auth_permission VALUES(45,12,'add_contenttype','Can add content type');
INSERT INTO auth_permission VALUES(46,12,'change_contenttype','Can change content type');
INSERT INTO auth_permission VALUES(47,12,'delete_contenttype','Can delete content type');
INSERT INTO auth_permission VALUES(48,12,'view_contenttype','Can view content type');
INSERT INTO auth_permission VALUES(49,13,'add_session','Can add session');
INSERT INTO auth_permission VALUES(50,13,'change_session','Can change session');
INSERT INTO auth_permission VALUES(51,13,'delete_session','Can delete session');
INSERT INTO auth_permission VALUES(52,13,'view_session','Can view session');
INSERT INTO auth_permission VALUES(53,14,'add_college','Can add college');
INSERT INTO auth_permission VALUES(54,14,'change_college','Can change college');
INSERT INTO auth_permission VALUES(55,14,'delete_college','Can delete college');
INSERT INTO auth_permission VALUES(56,14,'view_college','Can view college');
INSERT INTO auth_permission VALUES(57,15,'add_university','Can add university');
INSERT INTO auth_permission VALUES(58,15,'change_university','Can change university');
INSERT INTO auth_permission VALUES(59,15,'delete_university','Can delete university');
INSERT INTO auth_permission VALUES(60,15,'view_university','Can view university');
INSERT INTO auth_permission VALUES(61,16,'add_department','Can add department');
INSERT INTO auth_permission VALUES(62,16,'change_department','Can change department');
INSERT INTO auth_permission VALUES(63,16,'delete_department','Can delete department');
INSERT INTO auth_permission VALUES(64,16,'view_department','Can view department');
INSERT INTO auth_permission VALUES(65,17,'add_monthlyreport','Can add Monthly Report');
INSERT INTO auth_permission VALUES(66,17,'change_monthlyreport','Can change Monthly Report');
INSERT INTO auth_permission VALUES(67,17,'delete_monthlyreport','Can delete Monthly Report');
INSERT INTO auth_permission VALUES(68,17,'view_monthlyreport','Can view Monthly Report');
INSERT INTO auth_permission VALUES(69,18,'add_weeklyreport','Can add Weekly Report');
INSERT INTO auth_permission VALUES(70,18,'change_weeklyreport','Can change Weekly Report');
INSERT INTO auth_permission VALUES(71,18,'delete_weeklyreport','Can delete Weekly Report');
INSERT INTO auth_permission VALUES(72,18,'view_weeklyreport','Can view Weekly Report');
INSERT INTO auth_permission VALUES(73,19,'add_projectproposal','Can add project proposal');
INSERT INTO auth_permission VALUES(74,19,'change_projectproposal','Can change project proposal');
INSERT INTO auth_permission VALUES(75,19,'delete_projectproposal','Can delete project proposal');
INSERT INTO auth_permission VALUES(76,19,'view_projectproposal','Can view project proposal');
INSERT INTO auth_permission VALUES(77,20,'add_role','Can add role');
INSERT INTO auth_permission VALUES(78,20,'change_role','Can change role');
INSERT INTO auth_permission VALUES(79,20,'delete_role','Can delete role');
INSERT INTO auth_permission VALUES(80,20,'view_role','Can view role');
CREATE TABLE IF NOT EXISTS "auth_group" ("id" integer NOT NULL PRIMARY KEY AUTOINCREMENT, "name" varchar(150) NOT NULL UNIQUE);
CREATE TABLE IF NOT EXISTS "users_user" ("id" integer NOT NULL PRIMARY KEY AUTOINCREMENT, "password" varchar(128) NOT NULL, "last_login" datetime NULL, "is_superuser" bool NOT NULL, "username" varchar(150) NOT NULL UNIQUE, "first_name" varchar(150) NOT NULL, "last_name" varchar(150) NOT NULL, "email" varchar(254) NOT NULL, "is_staff" bool NOT NULL, "is_active" bool NOT NULL, "date_joined" datetime NOT NULL, "phone_number" varchar(15) NULL);
INSERT INTO users_user VALUES(1,'pbkdf2_sha256$870000$jlLZ6mTB5KQXMcuI18ZtFP$CGxktSeNJ2SXpDp+kYHoixKBMfZdrp6kmH/9Ug+dLoI=','2025-03-04 13:05:35.873484',1,'memanawad','','','meman1awad@gmail.com',1,1,'2025-03-04 13:04:40.756343',NULL);
INSERT INTO users_user VALUES(2,'pbkdf2_sha256$600000$DjK3B6XY6USQxwE1UMuXt8$zXzmtJkLMd+hfs7kyE2NaEvV9m2or9w/mGTsF6fxxQM=','2025-03-17 11:03:15.418396',1,'ruba','','','',1,1,'2025-03-06 03:37:25.020283',NULL);
INSERT INTO users_user VALUES(3,'root',NULL,1,'root','root','root','',0,1,'2025-03-16 12:40:36',NULL);
INSERT INTO users_user VALUES(4,'pbkdf2_sha256$600000$aXv6BnZqWqSjNvXH5yDa1a$Np55JaOn+/tpbAnaQFTXHvVfBsy3Qgyp/gzOtexqh1c=','2025-03-17 12:38:28.234587',0,'coord','','','',1,1,'2025-03-16 13:05:23',NULL);
INSERT INTO users_user VALUES(5,'pbkdf2_sha256$600000$aik6BFkgrkhzKgFCJUby93$JhWRz9CZCrce07ARb0miFpwaxK32zwgMN1ikMqlWOF0=',NULL,0,'t','','','',0,1,'2025-03-17 11:05:57',NULL);
INSERT INTO users_user VALUES(6,'pbkdf2_sha256$600000$fhunsqHhmP3d4eQvrzoJt6$616kndVhVg2h/PXyxDhbhA0kSEaR7dyDG1mn8bVx6EQ=','2025-03-17 12:38:03.497995',0,'s','','','',0,1,'2025-03-17 11:12:18.593011',NULL);
INSERT INTO users_user VALUES(7,'pbkdf2_sha256$600000$WsVJXxagQDcYxnI24NfPbe$EDExpN/GgSGT0XrTEzfy8uFfW9rFX3gIwt2aoeTR+zM=',NULL,0,'sup','','','',0,1,'2025-03-17 11:22:06.164294',NULL);
CREATE TABLE IF NOT EXISTS "users_user_groups" ("id" integer NOT NULL PRIMARY KEY AUTOINCREMENT, "user_id" bigint NOT NULL REFERENCES "users_user" ("id") DEFERRABLE INITIALLY DEFERRED, "group_id" integer NOT NULL REFERENCES "auth_group" ("id") DEFERRABLE INITIALLY DEFERRED);
CREATE TABLE IF NOT EXISTS "users_user_user_permissions" ("id" integer NOT NULL PRIMARY KEY AUTOINCREMENT, "user_id" bigint NOT NULL REFERENCES "users_user" ("id") DEFERRABLE INITIALLY DEFERRED, "permission_id" integer NOT NULL REFERENCES "auth_permission" ("id") DEFERRABLE INITIALLY DEFERRED);
INSERT INTO users_user_user_permissions VALUES(1,3,49);
CREATE TABLE IF NOT EXISTS "users_admin" ("user_ptr_id" bigint NOT NULL PRIMARY KEY REFERENCES "users_user" ("id") DEFERRABLE INITIALLY DEFERRED);
CREATE TABLE IF NOT EXISTS "users_coordinator" ("user_ptr_id" bigint NOT NULL PRIMARY KEY REFERENCES "users_user" ("id") DEFERRABLE INITIALLY DEFERRED, "coord_id" varchar(20) NOT NULL UNIQUE);
INSERT INTO users_coordinator VALUES(3,'1');
INSERT INTO users_coordinator VALUES(4,'');
CREATE TABLE IF NOT EXISTS "users_student" ("user_ptr_id" bigint NOT NULL PRIMARY KEY REFERENCES "users_user" ("id") DEFERRABLE INITIALLY DEFERRED, "student_id" varchar(20) NOT NULL UNIQUE, "sitting_number" varchar(20) NOT NULL);
INSERT INTO users_student VALUES(6,'S1','SN1');
CREATE TABLE IF NOT EXISTS "users_supervisor" ("user_ptr_id" bigint NOT NULL PRIMARY KEY REFERENCES "users_user" ("id") DEFERRABLE INITIALLY DEFERRED, "qualification" varchar(100) NOT NULL, "total_projects" integer NOT NULL, "supervisor_id" varchar(20) NOT NULL UNIQUE, "work_place" varchar(100) NOT NULL);
INSERT INTO users_supervisor VALUES(7,'PhD in Computer Science',0,'SUP1','University of XYZ');
CREATE TABLE IF NOT EXISTS "django_admin_log" ("id" integer NOT NULL PRIMARY KEY AUTOINCREMENT, "object_id" text NULL, "object_repr" varchar(200) NOT NULL, "action_flag" smallint unsigned NOT NULL CHECK ("action_flag" >= 0), "change_message" text NOT NULL, "content_type_id" integer NULL REFERENCES "django_content_type" ("id") DEFERRABLE INITIALLY DEFERRED, "user_id" bigint NOT NULL REFERENCES "users_user" ("id") DEFERRABLE INITIALLY DEFERRED, "action_time" datetime NOT NULL);
INSERT INTO django_admin_log VALUES(1,'3','Coordinator: root',1,'[{"added": {}}]',3,2,'2025-03-16 12:42:17.899469');
INSERT INTO django_admin_log VALUES(2,'5','t',2,'[{"changed": {"fields": ["Username"]}}]',1,2,'2025-03-17 11:23:01.194003');
INSERT INTO django_admin_log VALUES(3,'4','coord',2,'[{"changed": {"fields": ["Username"]}}]',1,2,'2025-03-17 11:23:29.009674');
CREATE TABLE IF NOT EXISTS "django_session" ("session_key" varchar(40) NOT NULL PRIMARY KEY, "session_data" text NOT NULL, "expire_date" datetime NOT NULL);
INSERT INTO django_session VALUES('tc9jyzomjfg7inj36uwgc44gytbrgdh3','.eJxVjDsOwjAQRO_iGlnx36akzxmstXeNA8iR4qRC3J1ESgFTznszbxZhW2vcOi1xQnZlgl1-uwT5Se0A-IB2n3me27pMiR8KP2nn44z0up3u30GFXve1cclYRCoGNdg9IUgqlAW65K0cvB-yCgGMLmjA6RISSaGSzRazUoF9vvCYOCQ:1tpRxn:kJZanfvkTtOa2hePG8tdIVHPw6ROjU6DmuYQfg6iIIg','2025-03-18 13:05:35.929029');
INSERT INTO django_session VALUES('1mg9ato8725o0f9m8lbl1siohghaseed','.eJxVjDsOwjAQRO_iGlkJ_i4lfc5g7a4dHEC2FCcV4u5gKQWUM-_NvETAfcthb2kNSxQXocXptyPkRyodxDuWW5Vcy7YuJLsiD9rkVGN6Xg_37yBjy30dHaMCNRunvUsM3npLpNmBVon9N4wa0SMOPHuE8RyjsgQEdkgGjHh_APQAOCo:1tu9hp:QRi6Tp-Gma8V7u_YuRQNzD8PMZXCYtI8vwq7VEtUc-c','2025-03-31 12:36:33.541831');
INSERT INTO django_session VALUES('4e94qrhttohlv04cd0k9ekaj7ps9itwm','.eJxVjDsOwjAQRO_iGlkJ_i4lfc5g7a4dHEC2FCcV4u5gKQWUM-_NvETAfcthb2kNSxQXocXptyPkRyodxDuWW5Vcy7YuJLsiD9rkVGN6Xg_37yBjy30dHaMCNRunvUsM3npLpNmBVon9N4wa0SMOPHuE8RyjsgQEdkgGjHh_APQAOCo:1tu9jg:cf23hpnzMq8GLSIoj_Bdk3-dk_QknKGRksmknRlCFbo','2025-03-31 12:38:28.413121');
CREATE TABLE IF NOT EXISTS "university_university" ("id" integer NOT NULL PRIMARY KEY AUTOINCREMENT, "name" varchar(200) NOT NULL);
CREATE TABLE IF NOT EXISTS "university_department" ("id" integer NOT NULL PRIMARY KEY AUTOINCREMENT, "name" varchar(200) NOT NULL, "college_id" bigint NOT NULL REFERENCES "university_college" ("id") DEFERRABLE INITIALLY DEFERRED);
CREATE TABLE IF NOT EXISTS "university_college" ("id" integer NOT NULL PRIMARY KEY AUTOINCREMENT, "name" varchar(200) NOT NULL, "location" varchar(200) NULL, "university_id" bigint NOT NULL REFERENCES "university_university" ("id") DEFERRABLE INITIALLY DEFERRED);
CREATE TABLE IF NOT EXISTS "report_monthlyreport_team_members" ("id" integer NOT NULL PRIMARY KEY AUTOINCREMENT, "monthlyreport_id" bigint NOT NULL REFERENCES "report_monthlyreport" ("id") DEFERRABLE INITIALLY DEFERRED, "user_id" bigint NOT NULL REFERENCES "users_user" ("id") DEFERRABLE INITIALLY DEFERRED);
CREATE TABLE IF NOT EXISTS "report_weeklyreport_team_members" ("id" integer NOT NULL PRIMARY KEY AUTOINCREMENT, "weeklyreport_id" bigint NOT NULL REFERENCES "report_weeklyreport" ("id") DEFERRABLE INITIALLY DEFERRED, "user_id" bigint NOT NULL REFERENCES "users_user" ("id") DEFERRABLE INITIALLY DEFERRED);
CREATE TABLE IF NOT EXISTS "users_role" ("id" integer NOT NULL PRIMARY KEY AUTOINCREMENT, "name" varchar(50) NOT NULL UNIQUE);
DELETE FROM sqlite_sequence;
INSERT INTO sqlite_sequence VALUES('django_migrations',26);
INSERT INTO sqlite_sequence VALUES('django_content_type',20);
INSERT INTO sqlite_sequence VALUES('auth_permission',80);
INSERT INTO sqlite_sequence VALUES('auth_group',0);
INSERT INTO sqlite_sequence VALUES('django_admin_log',3);
INSERT INTO sqlite_sequence VALUES('users_user',7);
INSERT INTO sqlite_sequence VALUES('university_college',0);
INSERT INTO sqlite_sequence VALUES('users_user_user_permissions',1);
CREATE UNIQUE INDEX "django_content_type_app_label_model_76bd3d3b_uniq" ON "django_content_type" ("app_label", "model");
CREATE UNIQUE INDEX "auth_group_permissions_group_id_permission_id_0cd325b0_uniq" ON "auth_group_permissions" ("group_id", "permission_id");
CREATE INDEX "auth_group_permissions_group_id_b120cbf9" ON "auth_group_permissions" ("group_id");
CREATE INDEX "auth_group_permissions_permission_id_84c5c92e" ON "auth_group_permissions" ("permission_id");
CREATE UNIQUE INDEX "auth_permission_content_type_id_codename_01ab375a_uniq" ON "auth_permission" ("content_type_id", "codename");
CREATE INDEX "auth_permission_content_type_id_2f476e4b" ON "auth_permission" ("content_type_id");
CREATE UNIQUE INDEX "users_user_groups_user_id_group_id_b88eab82_uniq" ON "users_user_groups" ("user_id", "group_id");
CREATE INDEX "users_user_groups_user_id_5f6f5a90" ON "users_user_groups" ("user_id");
CREATE INDEX "users_user_groups_group_id_9afc8d0e" ON "users_user_groups" ("group_id");
CREATE UNIQUE INDEX "users_user_user_permissions_user_id_permission_id_43338c45_uniq" ON "users_user_user_permissions" ("user_id", "permission_id");
CREATE INDEX "users_user_user_permissions_user_id_20aca447" ON "users_user_user_permissions" ("user_id");
CREATE INDEX "users_user_user_permissions_permission_id_0b93982e" ON "users_user_user_permissions" ("permission_id");
CREATE INDEX "django_admin_log_content_type_id_c4bce8eb" ON "django_admin_log" ("content_type_id");
CREATE INDEX "django_admin_log_user_id_c564eba6" ON "django_admin_log" ("user_id");
CREATE INDEX "django_session_expire_date_a5c62663" ON "django_session" ("expire_date");
CREATE INDEX "university_department_college_id_93f7c54d" ON "university_department" ("college_id");
CREATE INDEX "university_college_university_id_706875d3" ON "university_college" ("university_id");
CREATE INDEX "report_monthlyreport_created_by_id_66051a6e" ON "report_monthlyreport" ("created_by_id");
CREATE UNIQUE INDEX "report_monthlyreport_team_members_monthlyreport_id_user_id_f6c3fe34_uniq" ON "report_monthlyreport_team_members" ("monthlyreport_id", "user_id");
CREATE INDEX "report_monthlyreport_team_members_monthlyreport_id_757412f3" ON "report_monthlyreport_team_members" ("monthlyreport_id");
CREATE INDEX "report_monthlyreport_team_members_user_id_73cafbe9" ON "report_monthlyreport_team_members" ("user_id");
CREATE INDEX "report_weeklyreport_created_by_id_a146fc90" ON "report_weeklyreport" ("created_by_id");
CREATE UNIQUE INDEX "report_weeklyreport_team_members_weeklyreport_id_user_id_badedd9b_uniq" ON "report_weeklyreport_team_members" ("weeklyreport_id", "user_id");
CREATE INDEX "report_weeklyreport_team_members_weeklyreport_id_d85813e9" ON "report_weeklyreport_team_members" ("weeklyreport_id");
CREATE INDEX "report_weeklyreport_team_members_user_id_e02c5557" ON "report_weeklyreport_team_members" ("user_id");
COMMIT;
